insert into Ward 
(Ward_Number, Name, Gender, Bed_Quantity, Telephone) values
(1, 'Orthopedic M', 'Male', 14, '0101'),
(2, 'Orthopedic F', 'Female', 14, '0102'),
(3, 'Cardiology M', 'Male', 14, '0103'),
(4, 'Cardiology F', 'Female', 14, '0104'),
(5, 'Neurosurgery M', 'Male', 14, '0105'),
(6, 'Neurosurgery F', 'Female', 14, '0201'),
(7, 'Oncology M', 'Male', 14, '0202'),
(8, 'Oncology F', 'Female', 14, '0203'),
(9, 'Primary Care M', 'Male', 14, '0204'),
(10, 'Primary Care F', 'Female', 14, '0301'),
(11, 'Ophthalmology M', 'Male', 14, '0302'),
(12, 'Ophthalmology F', 'Female', 14, '0303'),
(13, 'Otolaryngology M', 'Male', 14, '0304'),
(14, 'Otolaryngologyy F', 'Female', 14, '0401'),
(15, 'Psychology M', 'Male', 14, '0403'),
(16, 'Psychology F', 'Female', 14, '0403'),	
(17, 'Maternity', 'Female', 16, '0404');

insert into Bed values
( 1 , 1 ) ,
( 2 , 1 ) ,
( 3 , 1 ) ,
( 4 , 1 ) ,
( 5 , 1 ) ,
( 6 , 1 ) ,
( 7 , 1 ) ,
( 8 , 1 ) ,
( 9 , 1 ) ,
( 10 , 1 ) ,
( 11 , 1 ) ,
( 12 , 1 ) ,
( 13 , 1 ) ,
( 14 , 1 ) ,
( 15 , 2 ) ,
( 16 , 2 ) ,
( 17 , 2 ) ,
( 18 , 2 ) ,
( 19 , 2 ) ,
( 20 , 2 ) ,
( 21 , 2 ) ,
( 22 , 2 ) ,
( 23 , 2 ) ,
( 24 , 2 ) ,
( 25 , 2 ) ,
( 26 , 2 ) ,
( 27 , 2 ) ,
( 28 , 2 ) ,
( 29 , 3 ) ,
( 30 , 3 ) ,
( 31 , 3 ) ,
( 32 , 3 ) ,
( 33 , 3 ) ,
( 34 , 3 ) ,
( 35 , 3 ) ,
( 36 , 3 ) ,
( 37 , 3 ) ,
( 38 , 3 ) ,
( 39 , 3 ) ,
( 40 , 3 ) ,
( 41 , 3 ) ,
( 42 , 3 ) ,
( 43 , 4 ) ,
( 44 , 4 ) ,
( 45 , 4 ) ,
( 46 , 4 ) ,
( 47 , 4 ) ,
( 48 , 4 ) ,
( 49 , 4 ) ,
( 50 , 4 ) ,
( 51 , 4 ) ,
( 52 , 4 ) ,
( 53 , 4 ) ,
( 54 , 4 ) ,
( 55 , 4 ) ,
( 56 , 4 ) ,
( 57 , 5 ) ,
( 58 , 5 ) ,
( 59 , 5 ) ,
( 60 , 5 ) ,
( 61 , 5 ) ,
( 62 , 5 ) ,
( 63 , 5 ) ,
( 64 , 5 ) ,
( 65 , 5 ) ,
( 66 , 5 ) ,
( 67 , 5 ) ,
( 68 , 5 ) ,
( 69 , 5 ) ,
( 70 , 5 ) ,
( 71 , 6 ) ,
( 72 , 6 ) ,
( 73 , 6 ) ,
( 74 , 6 ) ,
( 75 , 6 ) ,
( 76 , 6 ) ,
( 77 , 6 ) ,
( 78 , 6 ) ,
( 79 , 6 ) ,
( 80 , 6 ) ,
( 81 , 6 ) ,
( 82 , 6 ) ,
( 83 , 6 ) ,
( 84 , 6 ) ,
( 85 , 7 ) ,
( 86 , 7 ) ,
( 87 , 7 ) ,
( 88 , 7 ) ,
( 89 , 7 ) ,
( 90 , 7 ) ,
( 91 , 7 ) ,
( 92 , 7 ) ,
( 93 , 7 ) ,
( 94 , 7 ) ,
( 95 , 7 ) ,
( 96 , 7 ) ,
( 97 , 7 ) ,
( 98 , 7 ) ,
( 99 , 8 ) ,
( 100 , 8 ) ,
( 101 , 8 ) ,
( 102 , 8 ) ,
( 103 , 8 ) ,
( 104 , 8 ) ,
( 105 , 8 ) ,
( 106 , 8 ) ,
( 107 , 8 ) ,
( 108 , 8 ) ,
( 109 , 8 ) ,
( 110 , 8 ) ,
( 111 , 8 ) ,
( 112 , 8 ) ,
( 113 , 9 ) ,
( 114 , 9 ) ,
( 115 , 9 ) ,
( 116 , 9 ) ,
( 117 , 9 ) ,
( 118 , 9 ) ,
( 119 , 9 ) ,
( 120 , 9 ) ,
( 121 , 9 ) ,
( 122 , 9 ) ,
( 123 , 9 ) ,
( 124 , 9 ) ,
( 125 , 9 ) ,
( 126 , 9 ) ,
( 127 , 10 ) ,
( 128 , 10 ) ,
( 129 , 10 ) ,
( 130 , 10 ) ,
( 131 , 10 ) ,
( 132 , 10 ) ,
( 133 , 10 ) ,
( 134 , 10 ) ,
( 135 , 10 ) ,
( 136 , 10 ) ,
( 137 , 10 ) ,
( 138 , 10 ) ,
( 139 , 10 ) ,
( 140 , 10 ) ,
( 141 , 11 ) ,
( 142 , 11 ) ,
( 143 , 11 ) ,
( 144 , 11 ) ,
( 145 , 11 ) ,
( 146 , 11 ) ,
( 147 , 11 ) ,
( 148 , 11 ) ,
( 149 , 11 ) ,
( 150 , 11 ) ,
( 151 , 11 ) ,
( 152 , 11 ) ,
( 153 , 11 ) ,
( 154 , 11 ) ,
( 155 , 12 ) ,
( 156 , 12 ) ,
( 157 , 12 ) ,
( 158 , 12 ) ,
( 159 , 12 ) ,
( 160 , 12 ) ,
( 161 , 12 ) ,
( 162 , 12 ) ,
( 163 , 12 ) ,
( 164 , 12 ) ,
( 165 , 12 ) ,
( 166 , 12 ) ,
( 167 , 12 ) ,
( 168 , 12 ) ,
( 169 , 13 ) ,
( 170 , 13 ) ,
( 171 , 13 ) ,
( 172 , 13 ) ,
( 173 , 13 ) ,
( 174 , 13 ) ,
( 175 , 13 ) ,
( 176 , 13 ) ,
( 177 , 13 ) ,
( 178 , 13 ) ,
( 179 , 13 ) ,
( 180 , 13 ) ,
( 181 , 13 ) ,
( 182 , 13 ) ,
( 183 , 14 ) ,
( 184 , 14 ) ,
( 185 , 14 ) ,
( 186 , 14 ) ,
( 187 , 14 ) ,
( 188 , 14 ) ,
( 189 , 14 ) ,
( 190 , 14 ) ,
( 191 , 14 ) ,
( 192 , 14 ) ,
( 193 , 14 ) ,
( 194 , 14 ) ,
( 195 , 14 ) ,
( 196 , 14 ) ,
( 197 , 15 ) ,
( 198 , 15 ) ,
( 199 , 15 ) ,
( 200 , 15 ) ,
( 201 , 15 ) ,
( 202 , 15 ) ,
( 203 , 15 ) ,
( 204 , 15 ) ,
( 205 , 15 ) ,
( 206 , 15 ) ,
( 207 , 15 ) ,
( 208 , 15 ) ,
( 209 , 15 ) ,
( 210 , 15 ) ,
( 211 , 16 ) ,
( 212 , 16 ) ,
( 213 , 16 ) ,
( 214 , 16 ) ,
( 215 , 16 ) ,
( 216 , 16 ) ,
( 217 , 16 ) ,
( 218 , 16 ) ,
( 219 , 16 ) ,
( 220 , 16 ) ,
( 221 , 16 ) ,
( 222 , 16 ) ,
( 223 , 16 ) ,
( 224 , 16 ) ,
( 225 , 17 ) ,
( 226 , 17 ) ,
( 227 , 17 ) ,
( 228 , 17 ) ,
( 229 , 17 ) ,
( 230 , 17 ) ,
( 231 , 17 ) ,
( 232 , 17 ) ,
( 233 , 17 ) ,
( 234 , 17 ) ,
( 235 , 17 ) ,
( 236 , 17 ) ,
( 237 , 17 ) ,
( 238 , 17 ) ,
( 239 , 17 ) ,
( 240 , 17 );

insert into Kin Values
(1, 'Kim Kardashian', 'No. 094, Jalan Fri, Kepong, Kuala Lumpur, 52100', '+60-135-558-8', 'Wife'),
(2, 'Tom Ackerley', 'No. 4, Jalan Sungai Besi, Kuala Lumpur, 57100', '+60-115-552-3', 'Husband'),
(3, 'Joanne Tucker', 'C 7-8, Megan Phileo Promenade, 189 Jalan Tun Razak, Kuala Lumpur, 50400', '+60-175-551-4', 'Wife'),
(4, 'Robert Brown', 'No. 3, Persiaran Dagang PJU 9, Bandar Sri Damansara, Kuala Lumpur, 52200', '+60-145-559-5', 'Father'),
(5, 'Emily Lynne Berthold', 'No. 9, Jalan PJS 11/12, Subang Indah, Kuala Lumpur, 46000', '+60-125-558-1', 'Sister'),
(6, 'Michelle White', 'Jalan 13/48A, Sentul Raya Boulevard, Off Jalan Sentul, Kuala Lumpur, 51000', '+60-135-552-3', 'Wife'),
(7, 'Harry Holland', 'No. 36A, Jalan Medan Midah, Taman Midah, Kuala Lumpur, 56000', '+60-105-553-7', 'Brother'),
(8, 'Portia de Rossi', 'No. 169, Jalan Genting Kelang, Setapak, Kuala Lumpur, 53300', '+60-185-557-5', 'Wife'),
(9, 'Blake Lively', 'No. 9, Jalan Bangsar Utama 3, Bangsar Utama, Kuala Lumpur, 59000', '+60-165-557-7', 'Wife'),
(10, 'Andrea Swift', 'Jalan 11/55C, Off Jalan Bukit Setiawangsa, Taman Setiawangsa, Kuala Lumpur, 54200', '+60-195-550-4', 'Mother'),
(11, 'Imogen Sheeran', 'Jalan Dagang, SD 2/1G, Bandar Sri Damansara, Kuala Lumpur, 52200', '+60-115-556-5', 'Mother'),
(12, 'Jeremy Bieber', 'Lot 17, Jalan Cempaka SD12/5, Bandar Seri Damansara, Kuala Lumpur, 52200', '+60-125-550-2', 'Father'),
(13, 'Kathy Pratt', 'No. 59, Jalan 11/118B, Desa Tun Razak Industrial Park, Kuala Lumpur, 56000', '+60-135-557-7', 'Mother'),
(14, 'Gary Lawrence', 'No. 52A, Jalan Landak, Off Jalan Pudu, Kuala Lumpur, 55100', '+60-165-550-0', 'Father'),
(15, 'Lauren Hashian', 'No. 62-G, Jalan Lumut, Damai Kompleks, Kuala Lumpur, 50400', '+60-105-551-4', 'Wife'),
(16, 'Scott Evans', 'No. 11G, Jalan Pandan Indah 4/2, Pandan Indah, Kuala Lumpur, 55100', '+60-185-553-9', 'Brother'),
(17, 'Elsa Pataky', 'No. 61B, Lorong Rahim Kajai 13, Taman Tun Dr Ismail, Kuala Lumpur, 60000', '+60-135-557-1', 'Wife'),
(18, 'Danny Feltmann', 'No. 238-C, Jalan Bandar 13, Taman Melawati, Kuala Lumpur, 53100', '+60-115-553-1', 'Father'),
(19, 'Hila Klein', 'No. 29-1 Jalan 2/1A, Kuala Lumpur, 52100', '+60-145-550-8', 'Wife'),
(20, 'Else Wannaba', 'No. 2731-B, Jalan Permata 4, Taman Permata, Kuala Lumpur, 53300', '+60-195-555-0', 'Wife'),
(21, 'Jojo Sripet', 'No. 8-2, Jalan SD 7/3A, Bandar Sri Damansara, Kuala Lumpur, 52200', '+60-135-550-2', 'Wife'),
(22, 'Mida Volle', 'No. 116-1A, 1st Floor, Jalan Loke Yew, Kuala Lumpur, 55200', '+60-195-558-1', 'Wife'),
(23, 'Boomba Huse', 'No.28-2, Jalan Telawi Dua, Bangsar Baru, Kuala Lumpur, 59100', '+60-115-552-6', 'Brother'),
(24, 'Khuntu Chipe', 'No. 61B, Lorong Rahim Kajai 13, Taman Tun Dr Ismail, Kuala Lumpur, 60000', '+60-185-555-3', 'Sister');


insert into patient values
(1,'Kanye','Omari West','1977-06-08','Male','2017-12-06','Married','+60-125-550-0','No. 094, Jalan Fri, Kepong, Kuala Lumpur, 52100',1),
(2,'Margot','Robbie','1990-07-02','Female','2018-01-28','Married','+60-175-559-7','No. 4, Jalan Sungai Besi, Kuala Lumpur, 57100',2),
(3,'Adam','Driver','1983-11-19','Male','2018-01-30','Married','+60-135-552-2','C 7-8, Megan Phileo Promenade, 189 Jalan Tun Razak, Kuala Lumpur, 50400',3),
(4,'Millie','Bobby Brown','2004-02-19','Female','2018-02-10','Single','+60-105-550-8','No. 48-3, Jalan Radin Tengah, Seri Petaling, Kuala Lumpur, 57000',4),
(5,'Kate','McKinnon','1984-01-06','Female','2018-02-14','Single','+60-185-552-2','Jalan Jelatek 2, Pusat Perniagaan Jelatek, Setiawangsa, Kuala Lumpur, 54200',5),
(6,'Donald','Glover','1983-09-25','Male','2018-03-20','Married','+60-185-557-2','Jalan 13/48A, Sentul Raya Boulevard, Off Jalan Sentul, Kuala Lumpur, 51000',6),
(7,'Tom','Holand','1996-06-01','Male','2018-03-26','Single','+60-185-556-0','No. 22, Jalan Padang Belia, Brickfields, Kuala Lumpur, 50470',7),
(8,'Ellen','DeGeneres','1958-01-26','Female','2018-04-15','Married','+60-165-554-3','No. 169, Jalan Genting Kelang, Setapak, Kuala Lumpur, 53300',8),
(9,'Ryan','Reynolds','1976-10-23','Male','2018-04-30','Married','+60-195-551-3','No. 9, Jalan Bangsar Utama 3, Bangsar Utama, Kuala Lumpur, 59000',9),
(10,'Taylor','Alison Swift','1989-12-13','Female','2018-05-01','Single','+60-135-550-1','No. 44-1, Jalan 27/70A, Desa Sri Hartamas, Kuala Lumpur, 50480',10),
(11,'Edward','Sheeran','1991-02-17','Male','2018-06-24','Single','+60-115-554-4','No. 103, Jalan 34/154, Taman Dahlia, Kuala Lumpur, 56000',11),
(12,'Justin','Bieber','1994-03-01','Male','2018-06-30','Single','+60-185-554-1','No. 45A, Jalan Pandan 3/3, Pandan Jaya, Kuala Lumpur, 55100',12),
(13,'Chris','Pratt','1979-06-21','Male','2018-08-17','Married','+60-145-558-8','No. 9, Jalan Permai 3/4, Taman Subang Permai, Kuala Lumpur, 47500',13),
(14,'Jennifer','Lawrence','1990-07-15','Female','2018-09-10','Single','+60-145-554-0','No 6, Jalan 13/118B, Desa Tun Razak, Kuala Lumpur, 56000',14),
(15,'Dwayne','Johnson','1972-05-02','Male','2018-09-19','Married','+60-175-556-9','No. 62-G, Jalan Lumut, Damai Kompleks, Kuala Lumpur, 50400',15),
(16,'Chris','Evans','1981-06-13','Male','2018-09-20','Single','+60-165-558-4','No. 87, Jalan 9-34B, Seri Edaran Industrial Park, Kuala Lumpur, 52100',16),
(17,'Chris','Hemsworth','1983-07-11','Male','2018-09-26','Married','+60-185-552-0','No. 61B, Lorong Rahim Kajai 13, Taman Tun Dr Ismail, Kuala Lumpur, 60000',17),
(18,'Robert','Downey Jr.','1965-04-04','Male','2018-10-05','Single','+60-165-553-3','No. 25-C, Jalan Pandan 3/3, Pandan Jaya, Kuala Lumpur, 55100', null),
(19,'Scarlet','Johansson','1984-11-22','Female','2018-10-15','Single','+60-185-556-1','No. 53-1, Jalan 5/76B, Desa Pandan, Kuala Lumpur, 55100', null),
(20,'Lin-Manuel','Miranda','1980-01-16','Male','2018-11-27','Signle','+60-185-553-5','No. 74A, Lorong Maarof, Lorong Bangsar Park, Kuala Lumpur, 59000', null),
(21,'George','Miller','1992-09-18','Male','2018-11-28','Single','+60-805-145-8','No. 9-1, Persiaran Syed Putra 3, Taman Persiaran Desa, Kuala Lumpur, 50460',null),
(22,'Craig','Joseph Thompson','1995-01-7','Male','2018-12-01','Single','+60-809-389-4','No. 8A, Lorong Lobak, Taman Cheras, Kuala Lumpur, 56100',null),
(23,'Evan','Fong','1992-05-31','Male','2018-12-16','Single','+60-864-700-8','No. 920, Jalan Lembah, Taman Tasik Perdana, Kuala Lumpur, 50480',null),
(24,'David','Nagle','1992-07-06','Male','2018-12-25','Single','+60-503-503-2','No. 12, Jalan H3, Taman Melawati, Kuala Lumpur, 53100',null),
(25,'Brian','Michael Hanby','1991-03-23','Male','2018-12-25','Single','+60-484-682-4','No. 282B, Jalan Tun Sambanthan, Brickfields, Kuala Lumpur, 50740',null),
(26,'Tyler','Wine','1992-09-14','Male','2018-12-26','Single','+60-500-724-0','No. 22, Taman Mas, Batu 9, Kuala Lumpur, 43200',null),
(27,'Jaren','Smith','1997-04-29','Male','2018-01-01','Single','+60-767-250-4','No. 21, Jalan Merlimau, Off Jalan Kenanga, Kuala Lumpur, 55200',null),
(28,'Felix','Arvid Ulf Kjellberg','1989-10-24','Male','2019-02-02','Married','+60-486-657-4','No. 26-3, Jalan Radin Anum, Sri Petaling, Kuala Lumpur, 57000',18),
(29,'Ethan','Edward Klein','1987-12-12','Male','2019-02-25','Married','+60-564-263-4','No. 29-1 Jalan 2/1A, Kuala Lumpur, 52100',19),
(30,'Seán','William McLoughlin','1990-02-07','Male','2019-03-05','Single','+60-800-400-6','No. 2731-B, Jalan Permata 4, Taman Permata, Kuala Lumpur, 53300',20),
(31,'Kenneth','Charles Morrison','1985-09-21','Male','2019-03-10','Married','+60-666-450-6','No. 8-2, Jalan SD 7/3A, Bandar Sri Damansara, Kuala Lumpur, 52200',21),
(32,'Lana','McKissack','1984-06-05','Female','2019-03-21','Married','+60-458-847-9','No. 116-1A, 1st Floor, Jalan Loke Yew, Kuala Lumpur, 55200',22),
(33,'Ryan','Higa','1990-06-06','Male','2019-04-03','Single','+60-486-152-1','No.5, Jalan Pasar, Pudu, Kuala Lumpur, 55100',23),
(34,'Shannon','Gurr','1996-05-16','Female','2019-05-09','Single','+60-463-777-3','No. 10, Jalan 70D, Off Jalan Bukit Kiara, Kuala Lumpur, 60000',null),
(35,'Mariko','Takahashi','1984-11-02','Female','2019-06-06','Married','+60-992-565-6','No. 2, Jalan 1/70C, Mont Kiara, Kuala Lumpur, 50480',24);

Insert into Salary (PositionID, Position_Name, Salary) values 
(1, 'General Doctor'	, 100.000	),
(2, 'Special Doctor'	, 75.000	),
(3, 'Apprentice Doctor'	, 50.000	),
(4, 'Head Nurse'		, 60.000	),
(5, 'General Nurse'		, 30.000	);

Insert into Staff (Staff_Number, PositionID) values
(1, 1),
(2, 1),
(3,	2),
(4,	2),
(5,	2),
(6,	2),
(7,	2),
(8,	3),
(9,	3),
(10, 3),
(11, 3),
(12, 3),
(13, 3),
(14, 3),
(15, 3),
(16, 4),
(17, 4),
(18, 4),
(19, 4),
(20, 4),
(21, 4),
(22, 4),
(23, 4),
(24, 4),
(25, 4),
(26, 4),
(27, 4),
(28, 4),
(29, 4),
(30, 4),
(31, 4),
(32, 4),
(33, 5),
(34, 5),
(35, 5),
(36, 5),
(37, 5),
(38, 5),
(39, 5),
(40, 5),
(41, 5),
(42, 5),
(43, 5),
(44, 5),
(45, 5),
(46, 5),
(47, 5),
(48, 5),
(49, 5),
(50, 5),
(51, 5),
(52, 5),
(53, 5),
(54, 5),
(55, 5),
(56, 5),
(57, 5),
(58, 5),
(59, 5),
(60, 5),
(61, 5),
(62, 5),
(63, 5),
(64, 5),
(65, 5),
(66, 5);


Insert into Doctor (DoctorID, Doctor_Name, Specialities, Telephone, Staff_Number) values
(1, 'Ruby Andromeda','Orthomedic 		', +60-135-550-4, 1),
(2, 'Evelyn Everest','Cardiology 		', +60-135-558-1, 2),
(3, 'Jessica Judica','Neurosurgery		', +60-125-551-9, 3),
(4, 'Jesselyn Keyler','Primary Care 	', +60-175-552-5, 3),
(5, 'Adrian Johnson','Neurosurgery		', +60-195-555-7, 3),
(6, 'Michael Willer ','Cardiology 		', +60-135-556-7, 1),
(7, 'Sophie Alzheimer','Cardiology		', +60-195-557-5, 2),
(8, 'Chloe Smith','Primary Care 		', +60-185-556-9, 3),
(9, 'Grace Brown','Oncology 			', +60-175-552-6, 3),
(10, 'Alexander Jones','Orthomedic		', +60-155-554-1, 3),
(11, 'Toby Smitzy','NeuroSurgery 		', +60-115-555-2, 2),
(12 , 'Aaron Fong','Orthomedic 			', +60-135-552-2, 3),
(13 , 'Alex Chan','Primary Care			', +60-165-559-0, 2),
(14 , 'Charles Darling','Oncology 		', +60-145-558-7, 3),
(15 , 'John Brother','Oncology			', +60-165-550-2, 2);


insert into Nurse
(NurseID, First_Name, Last_Name, Address, Gender, DOB, Telephone, Staff_Number, Ward_Number) values
(1, 'Maia', 'Mitchell', 'Jalan Sultan Ismail, 50250 Kuala Lumpur', 'Female', '1993-07-18', '+60-142-456-3', 16, 1),
(2, 'Halston', 'Sage', '185 Jalan Ampang, 50450 Kuala Lumpur, Malaysia', 'Female', '1993-05-10', '+60-169-846-4', 17, 2),
(3, 'Camilla', 'Mendes', 'Kampung Durian Runtuh, 50230 Kuala Lumpur, Malaysia', 'Female', '1994-06-29', '+60-194-983-1', 18, 3),
(4, 'Lili', 'Reinhart', 'Jalan Teknologi 5, 57000 Kuala Lumpur, Malaysia', 'Female', '1996-09-13', '+60-125-684-3', 19, 4),
(5, 'KJ', 'Apa', 'Jalan Gaharu, 52000 Selangor, Malaysia', 'Male', '1997-06-17', '+60-167-318-6', 20, 5),
(6, 'Katherine', 'Langford', 'Jalan Puri Indah, 51250 Ipoh, Malaysia', 'Female', '1996-04-29', '+60-176-624-7', 21, 6),
(7, 'Cole', 'Sprouse', 'M 19 Jln Scott 50470 Wilayah Persekutuan 50470 Malaysia', 'Male', '1992-08-4', '+60-183-548-9', 22, 7),
(8, 'Dylan', 'Brien', 'Lot 43885 Jalan Ikan Ayu, Kuala Lumpur, Malaysia', 'Male', '1991-08-26', '+60-149-564-8', 23, 8),
(9, 'Emma', 'Watson', '13 Jalan Lengkongan Brunei 55100 Wilayah Persekutuan Malaysia', 'Female', '1990-04-15', '+60-134-312-1', 24, 9),
(10, 'Emilia', 'Clarke', 'PJU 9, Bandar Sri Damansara, Wilayah Persekutuan 52200, Malaysia', 'Female', '1986-09-23', '+60-138-186-4', 25, 10),
(11, 'Claudia', 'Kim', 'Bangunan Ibu Pejabat Tabung Haji, 201, Jalan Tun Razak, Kuala Lumpur, 50400', 'Female', '1985-01-25', '+60-197-784-2', 26, 11),
(12, 'Kaya', 'Scodelario', 'Kompleks Sukan Negara, Bukit Jalil Sri Petaling, P.O.Box 11440, Kuala Lumpur', 'Female', '1992-03-13', '+60-124-341-3', 27, 12),
(13, 'Ki', 'Hong Lee', 'Tingkat 8, Sun Complex, Jalan Bukit Bintang, Kuala Lumpur, 55100', 'Male', '1986-09-30', '+60-155-168-7', 28, 13),
(14, 'Mia', 'Malkova', 'Jalan Mutiara Raya, Taman Mutiara Cheras, Batu 5 1/2, Kuala Lumpur, 56000', 'Female', '1992-07-01', '+60-122-315-8', 29, 14),
(15, 'Agatha', 'Chelsea', '21 Jln Ss21/34 Ss21 Petaling Jaya 47400 Malaysia', 'Female', '1988-12-18', '+60-187-799-6', 30, 15),
(16, 'Juventine', 'Wu', 'Jalan Mutiara Raya, Taman Mutiara Cheras, Batu 5 1/2, Kuala Lumpur, 56000', 'Female', '1986-06-25', '+60-133-589-2', 31, 16),
(17, 'Gabriella', 'Eka Putri', '50 Batu 17 1/2 Jalan Masjid Tanah Solok Duku 78300 Masjid Tanah Malacca Malaysia', 'Female', '1993-11-04', '+60-138-487-9',  32, 17),
(18, 'Natalie', 'Portman', '1 Bangunan Aked Mara Jln Besar Bandar Baru 27000 Malaysia', 'Female', '1981-04-09', '+60-197-549-9', 33, 1),
(19, 'Amy', 'Adams', '1 40 Jln Dewan Sultan Sulaiman 1 50300 Wilayah Persekutuan 50300 Malaysia', 'Female', '1974-08-20', '+60-674-189-3', 34, 2),
(20, 'Lana', 'Condor', '27 Jln Wong Tsap En 98700 Limbang, Sarawak', 'Female', '1997-05-11', '+60-745-621', 35, 3),
(21, 'Ashleigh', 'Murray', '8789 Batu 4 1/2 Jalan Batu Berendam 75350 Batu Berendam Malacca Malaysia', 'Female', '1988-01-18', '+60-177-558-6', 36, 4),
(22, 'Angelina', 'Jolie', 'Avenue Business Centre, Megan Avenue 1, 189 Jalan Tun Razak 50400, Kuala Lumpur', 'Female', '1975-06-04', '+60-975-467-1', 37, 5),
(23, 'Mark', 'Consuelos', '374 Kampung Bukit Meriam 08500 Kota Kuala Muda Kedah Malaysia', 'Male', '1971-03-30', '+60-278-528-3', 38, 6),
(24, 'Skeet', 'Ulrich', 'Kompleks Alor Malai 21A Jln Murai 1 05460 Alor Setar Alor Setar Kedah', 'Male', '1970-01-20', '+60-548-587-9', 39, 7),
(25, 'Kathryn', 'Newton', '2 Blok N Sinsuran 88000 Kota Kinabalu Sabah', 'Female', '1997-02-08', '+60-474-476-6', 40, 8),
(26, 'Virgil', 'Abloh', 'G Blok D Jln Lintas Iramanis Centre 88300 Kota Kinabalu Kota Kinabalu Sabah', 'Male', '1980-09-30', '+60-471-523-9', 41, 9),
(27, 'Kristin', 'Minter', '24-3-1, Jln 2/101C, Cheras Business Centre 56100 Kuala Lumpur', 'Female', '1965-11-22', '+60-111-642-7', 42, 10),
(28, 'Charles', 'Melton', 'Mdld0148 Blok 31 Jln Seroja 91100 Lahad Datu Sabah, Malaysia', 'Male', '1991-01-04', '+60-848-621-6', 43, 11),
(29, 'Billie', 'Eilish', '88 Felda Lepar Hilir 2 26300 Gambang 26300 Malaysia Kuantan Pahang 26300 Malaysia', 'Female', '1988-12-18', '+60-354-117-3', 44, 12), 
(30, 'Jason', 'Momoa', 'Phase 1, Jalan Damai, 88300 Kota Kinabalu, Sabah', 'Male', '1979-08-01', '+60-347-579-7', 45, 13),
(31, 'Kristine', 'Froseth', 'G2 Jln 8/1E Seksyen 8 Petaling Jaya 46050 Malaysia', 'Female', '1996-08-21', '+60-975-175-3', 46, 14),
(32, 'Emma', 'Stone', '98 Jalan Rosmerah 2/17 Taman Johor Jaya 81100 Johor Malaysia', 'Female', '1988-11-6', '+60-134-475-4', 47, 15),
(33, 'Mila', 'Kunis', 'Jalan Dedap 6, Taman Johor Jaya, 81100 Johor Bahru, Johor', 'Female', '1983-08-14', '+60-884-975-1', 48, 16),
(34, 'Anne', 'Hathaway', '5 Jln Raja Chulan 33000 Kuala Kangsar Kuala Kangsar Perak 33000 Malaysia ', 'Female', '1982-11-12', '+60-164-666-8', 49, 17),
(35, 'Noah', 'Centineo', '23 Jalan Masjid Perak 30300 Ipoh, Malaysia', 'Male', '1996-05-09', '+60-911-344', 50, 1),
(36, 'Theo', 'James', '40 Jalan Bp 6/13, Bandar Bukit Puchong, 47100 Selangor', 'Male', '1984-12-16', '+60-726-997-1', 51, 2),
(37, 'Dakota', 'Fanning', '71A-2 Jalan Genting Setapak 53300 Wilayah Persekutuan Malaysia, Klang, Selangor', 'Female', '1994-02-23', '+60-543-528-9', 52, 3),
(38, 'Sarah', 'Habel', 'No. 272 Jln Pudu 55100 Wilayah Persekutuan 55100 Malaysia', 'Female', '1982-07-30', '+60-718-623-7', 53, 4),
(39, 'Ashley', 'Judd', 'B-9-8 Menara Pelangi 8 Lorong Ang Seng Dua 50470 Kuala Lumpur Malaysia', 'Female', '1968-04-19', '+60-644-723-6', 54, 5),
(40, 'Jacques', 'Colimon', 'Amcorp Trade Centre, Jalan 18 Persiaran 18, 46050 Petaling Jaya, Selangor', 'Male', '1994-08-27', '+60-687-698', 55, 6),
(41, 'Anna', 'Kendrick', '792 Jln Dato Toh Ah Boon Kampung Baru Tampoi 81200 Johor', 'Female', '1985-08-09', '+60-544-387-8', 56, 7),
(42, 'Amber', 'Heard', '14 Jln Cenderuh 2 51200 Wilayah Persekutuan 51200 Malaysia', 'Female', '1986-04-22', '+60-547-557-4', 57, 8),
(43, 'Casey', 'Cott', '465 Jalan Servja Taman Aman 81400 Senai Johor Malaysia', 'Male', '1992-08-08', '+60-341-215-2', 58, 9),
(44, 'Shailene', 'Woodley', '160 Taman Sejati 11 32000 Sitiawan Sitiawan Perak Malaysia', 'Female', '1991-11-15', '+60-614-577-3', 59, 10),
(45, 'Ansel', 'Elgort', 'A 11 Jln Rasmi 7 Taman Rasmi Jaya 68000 Ampang', 'Male', '1994-03-14', '+60-381-547-6', 60, 11),
(46, 'Jennifer', 'Lawrence', '110-A, Jalan SS21/35, Damansara Utama, Petaling Jaya, 47400 Malaysia', 'Female', '1990-08-15', '+60-164-287-3', 61, 12),
(47, 'Jessica', 'Alba', '307 Permatang Pasir 13500 Permatang Pauh Permatang Malaysia', 'Female', '1981-04-28', '+60-389-774-2', 62, 13),
(48, 'Shannon', 'Purser', 'No. 13 Jln Tembusu Taman Jejawi 02600 Arau Perlis Arau Perlis Malaysia', 'Female', '1997-06-27', '+60-972-311-3', 63, 14),
(49, 'Madelaine', 'Petsch', '8 37 Kampung Madrasah Alor Setar Kedah 06000 Malaysia Jitra Kedah Malaysia', 'Female', '1994-08-18', '+60-774-629-6', 64, 15),
(50, 'Megan', 'Fox', '164A Persiaran Wira Jaya Timur 23 Tmn Gunung View 31350 Perak Malaysia', 'Female', '1986-05-16', '+60-189-289-5', 65, 16),
(51, 'Marisol', 'Nichols', '372 Keratong 2 Bandar Tun Razak 26900 Muadzam Shah Pahang Malaysia', 'Female', '1973-11-02', '+60-563-999-4', 66, 17);

insert into Out_Patient
(OP_Number, Date, Time, Patient_Number) values
(1, '2018-03-20', '21:57', 6),
(2, '2018-02-02', '14:24', 3),
(3, '2018-02-02', '06:45', 27),
(4, '2018-06-30', '11:36', 12),
(5, '2019-20-04', '23:10', 33),
(6, '2018-10-26', '18:42', 18),
(7, '2018-02-28', '15:14', 5),
(8, '2018-12-01', '18:24', 21),
(9, '2018-02-02', '03:04', 28),
(10, '2018-04-19', '09:47', 8),
(11, '2019-01-06', '00:42', 24),
(12, '2018-09-20', '23:19', 16),
(13, '2019-02-29', '11:36', 29),
(14, '2018-05-01', '14:24', 9),
(15, '2018-01-28', '20:55', 2);		

insert into Ward_Patient
(WP_Number, Date_Began, Date_Leaving, Expected_leaving, Patient_Number, BedID) values
(1, '2018-08-17', '2018-08-24', ,13, 57),
(2, '2018-11-28', '2018-12-10', 21, 85),
(3, '2019-05-09', '2019-05-21', 34, 211),
(4, '2018-05-01', '2018-05-16', 10, 212),
(5, '2018-12-01', '2018-12-03', 22, 1),
(6, '2018-12-16', '2018-12-23', 23, 58),
(7, '2018-03-26', '2018-04-09', 7, 169),
(8, '2019-03-10', '2019-03-13', 31, 141),
(9, '2018-02-10', '2018-02-26', 4, 197),
(10, '2018-09-19', '2018-09-29', 15, 59),
(11, '2018-05-01', '2018-05-11', '2018-05-06', 10, 71),
(12, '2018-09-26', '2018-09-29', '2018-09-27', 17, 2),
(13, '2019-03-21', '', '2019-06-28', 32, 225),
(14, '2018-10-15', '2018-10-30', '2018-10-30', 19, 43),
(15, '2019-03-05', '', '2019-07-09', 30, 142),
(16, '2018-12-26', '', '2019-07-08', 26, 113),
(17, '2018-09-10', '2018-10-26', '2018-10-26', 14, 155),
(18, '2018-12-25', '2019-04-04', '2019-04-04', 25, 198),
(19, '2019-06-06', '', '2019-07-14', 35, 15),
(20, '2018-09-10', '2018-09-22', '2018-09-22', 14, 16);