Insert into Salary (PositionID, Position_Name, Salary) values 
(1, 'General Doctor'	, 100.000	),
(2, 'Special Doctor'	, 75.000	),
(3, 'Apprentice Doctor'	, 50.000	),
(4, 'Head Nurse'		, 60.000	),
(5, 'General Nurse'		, 30.000	);

Insert into Staff (Staff_Number, PositionID) values
(1, 1),
(2, 1),
(3,	2),
(4,	2),
(5,	2),
(6,	2),
(7,	2),
(8,	3),
(9,	3),
(10, 3),
(11, 3),
(12, 3),
(13, 3),
(14, 3),
(15, 3),
(16, 4),
(17, 4),
(18, 4),
(19, 4),
(20, 4),
(21, 4),
(22, 4),
(23, 4),
(24, 4),
(25, 4),
(26, 4),
(27, 4),
(28, 4),
(29, 4),
(30, 4),
(31, 4),
(32, 4),
(33, 5),
(34, 5),
(35, 5),
(36, 5),
(37, 5),
(38, 5),
(39, 5),
(40, 5),
(41, 5),
(42, 5),
(43, 5),
(44, 5),
(45, 5),
(46, 5),
(47, 5),
(48, 5),
(49, 5),
(50, 5),
(51, 5),
(52, 5),
(53, 5),
(54, 5),
(55, 5),
(56, 5),
(57, 5),
(58, 5),
(59, 5),
(60, 5),
(61, 5),
(62, 5),
(63, 5),
(64, 5),
(65, 5),
(66, 5);


Insert into Doctor (DoctorID, Doctor_Name, Specailities, Telephone, Staff_Number) values
(1, 'Ruby Andromeda','Orthomedic F		', +60-135-550-4, 1),
(2, 'Evelyn Everest','Cardiology F		', +60-135-558-1, 2),
(3, 'Jessica Judica','Neurosurgery F	', +60-125-551-9, 3),
(4, 'Jesselyn Keyler','Primary Care F	', +60-175-552-5, 3),
(5, 'Adrian Johnson','Neurosurgery M	', +60-195-555-7, 3),
(6, 'Michael Willer ','Cardiology M		', +60-135-556-7, 1),
(7, 'Sophie Alzheimer','Cardiology F	', +60-195-557-5, 2),
(8, 'Chloe Smith','Primary Care F		', +60-185-556-9, 3),
(9, 'Grace Brown','Oncology F			', +60-175-552-6, 3),
(10, 'Alexander Jones','Orthomedic M	', +60-155-554-1, 3),
(11, 'Toby Smitzy','NeuroSurgery M		', +60-115-555-2, 2),
(12 , 'Aaron Fong','Orthomedic M		', +60-135-552-2, 3),
(13 , 'Alex Chan','Primary Care	M		', +60-165-559-0, 2),
(14 , 'Charles Darling','Oncology M		', +60-145-558-7, 3),
(15 , 'John Brother','Oncology M		', +60-165-550-2, 2);

